formula,rl_result,rl_branch_count,mf_result,mf_branch_count
"[[1, -2], [1, 2], [-1, 3], [-2]]",,,"[1, 3, -2]",3
"[[1, -2], [-1], [1, 3], [-1, 2], [-2, 3], [1, -3]]",,,unsatisfiable.,4
"[[1, -2, -3], [-1, 2, 4], [3, -4, 5]]",,,"[3, 1, 2]",3
"[[1], [2, -3], [-1, -2, 3], [-1, 3]]",,,"[3, 2, 1]",3
"[[1, -3], [-1, 2], [2, 3], [-1, -3]]",,,"[-3, 2]",2
"[[1, 2, -3], [1, -2, 3], [-1, -3, 4], [2, -4]]",,,"[1, 4, 2]",3
"[[1, 2, 3], [-1, -2, 4], [-3, 4, 5], [1, -5], [-2, 3]]",,,"[1, -2, -3]",3
"[[1, 2, -3], [4, -5, 6], [-1, 7, 8], [2, -4, 9], [3, -6, -7], [-2, -8, -9], [5, 10]]",,,"[2, 7, 6, 5, -8, 3]",6
"[[1, -3], [-1, 2], [2, 3], [-1, -2]]",,,"[2, -1, -3]",4
"[[1, 2, 3], [-1, 2, -3], [1, -4, 5]]",,,"[1, 2]",2
"[[1, 2], [-1, -2], [3], [-1, 2], [-3, -1], [1, -3], [2, -3]]",,,unsatisfiable.,6
"[[1, 3], [-1, 2], [-2, 3], [1, -2], [-1, -3], [2, 1], [3, -2], [1, 2], [-2, -1]]",,,unsatisfiable.,6
"[[-1, 2, -3], [1, -2], [2], [1, 3], [-1, -2], [-3, 2], [2, -1], [1, 2], [-1, 3]]",,,unsatisfiable.,4
"[[1, 2], [-1], [1, 3], [2, -3], [-2, 1], [-1, -2], [3, -1], [-2, 3], [1, -2]]",,,unsatisfiable.,4
"[[1, -3], [-2, -3], [-1, 2], [1, 2]]",,,"[1, 2, -3]",3
"[[1, -2], [-1, 2, -3], [1, 3], [2]]",,,"[1, 2]",2
"[[1, -3], [2], [-1, -2], [1, 2, 3]]",,,"[2, -1, -3]",4
"[[1, 2], [1, -2, 3], [-1, -2], [1, 3]]",,,"[1, -2]",2
"[[1, 3], [-1, -3], [1, -2], [2, -3]]",,,"[-3, 1]",2
"[[-1, 2], [-1, -3], [2, 3], [1], [1, -2], [-2]]",,,unsatisfiable.,4
"[[-1, 2, -3], [1, -2, 3], [2, 3, -1]]",,,"[-1, -2]",2
"[[1, -2], [-1, 3], [-2, -3], [1], [-3, 1], [2, -3], [1, 3], [-1, -2], [1, -2], [-1], [2]]",,,unsatisfiable.,0
"[[-1, 2], [1, -2, 3], [-1, -3], [1, 2]]",,,"[1, -3, 2]",3
"[[1, 2, -3], [-1, -3], [1, -2], [2]]",,,"[1, -3, 2]",3
"[[-1, 2], [1, -2, 3], [-3, 4], [2, -4, 5], [-1, -5]]",,,"[-1, 3, 4, 2]",4
"[[1, 2], [1, -3], [-1, -2], [2, -3]]",,,"[2, -1, -3]",4
"[[1, -2, -3], [2], [-1, 3], [1], [-2, 1], [3, -1]]",,,"[1, 3, 2]",3
"[[-1], [1, -2], [1, 3], [-1, 2, -3]]",,,"[-1, 3, -2]",4
"[[-1, 2], [-1, -2, 3], [1], [2, 3]]",,,"[1, 2, 3]",4
"[[1, 2, 3], [1, -3], [-1, -2], [-2], [3, -1], [2, -3], [1, 2], [-1, 3], [2, 1]]",,,unsatisfiable.,8
"[[-1, 2], [-1, 3], [1, -2, -3], [2]]",,,"[-1, 2, -3]",3
"[[1, -2, 3], [-1, 2], [1, 3], [-2, -3]]",,,"[1, 2, -3]",3
"[[1, -3], [2, -3], [-1, 2], [-1], [1, 2], [3, -1], [2, 1], [-3, 2], [1, -2]]",,,unsatisfiable.,4
"[[1, -2, 3, 4, 5], [-1, 6, 7], [-3, 8, 9, 10], [2, -4, -5], [-6, -7, 8], [-9, -10]]",,,"[3, 8, 2, -1, -9]",5
"[[1, -2, 3], [4, -5, 6], [7, 8, -9], [1, -10], [2, 5, -6], [-3, 7], [-4, -8, 9]]",,,"[3, 7, 4, 1, -8, 2]",6
"[[1, -2, 3], [4, 5, -6], [7, 8, -9], [-1, 10], [2, 5, -6], [-3, 7], [5, -8]]",,,"[5, 3, 7, -1]",4
"[[-1, 2, 3], [1, -3], [-1, -2], [2], [1, -2], [3]]",,,unsatisfiable.,4
"[[1, -2], [2, -1], [3, -3, 4], [3, -4, 5]]",,,unsatisfiable.,0
"[[-1, 2], [1, 3], [-2], [-1, -3]]",,,"[-1, 3, -2]",3
"[[1, -2], [1, 2], [-1, 3], [-2], [1, -3], [-1, 2], [-3, 1], [2, -3], [-1]]",,,unsatisfiable.,4
"[[-1, 2, 3], [1, -2], [-1, -3], [2]]",,,"[1, 2, -3]",6
"[[1, 3], [-1, 2, -3], [-2, 3], [1, -2]]",,,"[-2, 1, -3]",3
"[[-1, 2], [1, 3], [-2, -3], [-1, -3], [1], [-2], [2, 3], [-1, 2], [1, -2]]",,,unsatisfiable.,4
"[[-1, 2], [1, 3], [-2, -3], [-1, -3], [1], [-2]]",,,unsatisfiable.,4
"[[1, 2], [-1, -2], [3, 4], [-3, -4, -5]]",,,"[1, 3, -4, -2]",4
"[[1, -2], [-1], [1, 3], [-1, 2]]",,,"[-1, -2, 3]",4
"[[-1], [2, -3], [-1, 2], [1, -2, 3]]",,,"[2, -1, 3]",4
"[[1, 2, -3], [-1, 3], [2, -3], [1, -2]]",,,"[2, 1, 3]",3
"[[1, -1], [2, -2], [3, 4], [-3, -4]]",,,unsatisfiable.,0
"[[-1], [2], [-3], [1, -2, 3]]",,,unsatisfiable.,6
"[[1, 2, 3, 4], [-1, -2, -3, -4]]",,,"[1, -2]",2
"[[1, 2], [-1, -3], [1, 3], [-2, 3]]",,,"[1, -3, -2]",4
"[[-1, 2, 3], [-2, -4, 5], [6, -7, 8], [1, -9, 10], [3, -6], [-5, 7], [-8, 9]]",,,"[5, 7, 8, 9, 1, 3]",6
"[[1, -3], [2, -3], [-1, 2], [1, 3]]",,,"[-3, 1, 2]",3
"[[1, -2], [1, 2], [-1, 3], [-2], [1, -3], [-1, 2]]",,,unsatisfiable.,6
"[[1, 2, 3], [-1, -2, 4], [5, -6, 7], [-3, 8, 9], [-4, -5, 10], [6, -7, -9], [2, -8]]",,,"[2, 4, 5, 9, 6, 10]",6
"[[1, 2, 3], [-1, 2, -3], [1, -4, 5], [2, -5], [-4, 3]]",,,"[1, 3, 2]",3
"[[1, -3], [-1, 2], [-2, 3], [1, 2], [-1, -3], [2, -1], [-3, -2], [1, -2], [-2, 1]]",,,unsatisfiable.,6
"[[1, 2, -3], [-1, 3], [1, -2], [2]]",,,"[1, 3, 2]",3
"[[1, 3], [-1, 2], [-2, 3], [1, -2], [-1, -3], [2, 1]]",,,unsatisfiable.,8
"[[1, 2], [-1, -2], [3], [-1, 2]]",,,"[-1, 2, 3]",3
"[[-1, 2, 3], [1, -3], [-2, -3, 4], [2, 5], [-4, -2]]",,,"[2, -3, -4]",3
"[[1, 2, 3], [-1, -2], [-1, 3], [1, -2]]",,,"[1, -2, 3]",3
"[[-1, 2], [1, -2], [1, -3], [2, -3]]",,,"[2, 1]",2
"[[1, -2, 3], [-1, 2], [3, -3, 4], [4, -5], [1, 4], [-2, 5]]",,,unsatisfiable.,0
"[[1, 2, 3], [-1, -2], [3, -3], [4, -4], [5, -5]]",,,unsatisfiable.,0
"[[-1, 2], [-1, -3], [2, 3], [1], [1, -2], [-2], [3, 1], [2, -3], [-1, -2], [2, 1], [-3, 2]]",,,unsatisfiable.,4
"[[1, 2, 3], [-1, -2, -3], [4, -4, 5], [-5, 1], [-2, 4]]",,,unsatisfiable.,0
"[[1], [2, -3], [-1, 2], [-1, -2, 3]]",,,"[2, 1, 3]",3
"[[1, 2, 3], [-1, -2, 4], [3, -4]]",,,"[1, 4, 3]",3
"[[1, 2, -3, 4], [-1, 2, -4], [3, -5], [-2, 5], [4, -1]]",,,"[-1, 3, 2, 5]",4
"[[-1, 2, 3], [1, -3], [1, -2], [2], [-2, -3], [3, 1], [-1, 1], [1, 3], [2, -1], [3, -2], [1, 1]]",,,unsatisfiable.,0
"[[1, -2, 3], [2], [-1, 2], [1, -3]]",,,"[2, 1]",2
"[[1, 2], [-1, -2], [3], [-1, 2], [-3, -1], [1, -3], [2, -3], [-2, 1], [1, 2], [-1, -3], [-2, 3]]",,,unsatisfiable.,6
"[[1, -1], [2, -2], [3, 4], [-3, -4, 5]]",,,unsatisfiable.,0
"[[-1, 2, 3], [1, -3], [-1, -2], [2]]",,,"[-1, 2, -3]",3
"[[-1, 2, -3], [1, -2], [2], [1, 3], [-1, -2], [-3, 2]]",,,unsatisfiable.,4
"[[-1, -2], [1, 3], [-2, 3], [1, -2]]",,,"[1, -2]",2
"[[1, -3], [2, 3], [-1], [1, -2]]",,,unsatisfiable.,6
"[[1, 2, 3], [-1, -2, 4], [5, 6, -7], [-5, 8, 9], [3, -4, 7], [-6, 10]]",,,"[5, 3, -1, -6, 8]",5
"[[-1, 2, -3], [4, 5, -6], [7, -8, 9, -10], [1, -4, 6], [-2, 5], [3, -7, 8]]",,,"[4, 7, 3, 1, 2, 5]",6
"[[-1, 2, -3], [1, -2], [2], [1, 3]]",,,"[1, 2]",2
"[[1, 3], [-1, 2], [2, -3], [-1, -2], [-2, 1], [1, 2], [3, -1], [-1, -3], [2, 3], [1, -1], [-2, -1]]",,,unsatisfiable.,0
"[[-1, 2], [-1, -3], [1, -2], [2], [1, 2, -3], [-2, 3], [1, 3], [-1, -2], [3], [2, 1], [-1, 1]]",,,unsatisfiable.,0
"[[1, -2], [-1, 3], [-2, -3], [1]]",,,"[1, 3, -2]",3
"[[-1, 2, 3], [1, -3], [-2, -3, 4], [2, 5]]",,,"[2, -3]",2
"[[1, 2, -3], [-1, 3], [-2, 4]]",,,"[1, 3, -2]",3
"[[1, -2, 3], [-1, 2, -3]]",,,"[1, 2]",2
"[[1, 2, 3], [-1, -2], [-1, 3], [1, -3], [2, -1], [-2, -3], [1, 2], [3, 1], [-1, -3]]",,,unsatisfiable.,6
"[[-1, -2], [1, 2, 3], [-1, 3], [2]]",,,"[-1, 2]",2
"[[1, 2], [-1, 3], [-2], [1, -2], [2, -3], [-1, -2], [3, -1], [1, 3], [-2, 1]]",,,unsatisfiable.,8
"[[1, 2, 3], [1, -2, -3], [2, -3], [-1]]",,,"[2, -1, -3]",4
"[[-1, 2, 3], [1, -2], [2, -3, -4], [3, 4, -5], [-3, 1]]",,,"[3, 1, 2]",3
"[[-1, 2, 3], [-2, -3], [1, -3, 4]]",,,"[-3, -1]",2
"[[1, -2, -3], [2], [-1], [1, 3]]",,,unsatisfiable.,6
"[[1, -3], [2, 3], [-1], [1, -2], [2, -1], [3, -2], [-2, 3], [1, 2], [-1, -2], [3, 1], [-2, 1]]",,,unsatisfiable.,6
"[[-1, 2], [1, -2], [3, -3, 4], [-4, -5]]",,,unsatisfiable.,0
"[[-1, 2], [-1, -3], [1, -2], [2], [1, 2, -3], [-2, 3], [1, 3], [-1, -2], [3]]",,,unsatisfiable.,6
"[[-1, 2], [1, -2, -3], [1, 3], [2]]",,,"[1, 2]",2
"[[1, -2, 3], [4, -5, 6], [7, -8, 9], [-1, 10], [-3, -7], [2, -6], [5, -9], [8, -10]]",,,"[2, 1, 10, 5, 8, 7, -3, 4]",8
"[[-1, -2], [1, -3], [2, 3], [-1, 2]]",,,"[2, -1, -3]",4
"[[1, 2], [-1, -2, 3], [2, -3, 4], [4, -5], [1, -5]]",,,"[1, 2, 3, 4]",4
"[[1, -3], [2, -3], [1, -2], [-1, 2]]",,,"[2, 1]",2
"[[1, -3, 5], [-1, -3, 4]]",,,"[1, -3]",2
"[[1, 2], [-1, 2, 3], [-2, 3, 4]]",,,"[2, 3]",2
"[[-1, 2], [-2, 1]]",,,"[2, 1]",2
"[[1, -2, 3], [-1, 4, -5], [6, 7, -8], [-6, 9, -10], [2, -3, 5], [-4, 8], [1, -7, 10]]",,,"[1, 6, 5, 4, 9, 8]",6
"[[-1, 2], [1, -2, 3], [-3, -4, -5]]",,,"[1, 2, -3]",3
"[[1, -3], [2, -3], [-1, 2], [-1], [1, 2], [3, -1]]",,,"[-1, 2, -3]",3
"[[1, -2, 3], [2, -3, 4], [-1, -4, 5], [1, 5], [-2, -5]]",,,"[-2, 1, 4, 5]",4
"[[1, -3], [2, -3], [1, 2], [-1, -2]]",,,"[2, -1, -3]",4
"[[1, 2], [1, -2], [-1, 2], [-1, -2]]",,,unsatisfiable.,6
"[[1, 2], [-1, 3], [-2], [1, -2], [2, -3], [-1, -2]]",,,unsatisfiable.,6
"[[1, 2, -3], [-1, 3], [1, -2], [2], [-1, -2], [3], [2, -3], [-3, 1], [1, 2], [2, 1], [-2, -1]]",,,unsatisfiable.,6
"[[1, -2, 3], [-1, 2, -3, 4], [2, 5], [-5, 4], [3, -4]]",,,"[4, 2, 3]",3
"[[-1, -2, -3], [1, 3], [2, -3, 4], [-4, 5]]",,,"[-3, -4, 1]",3
"[[1, -2], [2, 3], [-2, -3, 4]]",,,"[-2, 3]",2
"[[-1, -2], [2, 3], [-2, -3], [1, 3]]",,,"[-2, 3]",2
"[[1, 2], [-1, -2], [3, 4], [-3, -4, -5], [2, -1, 5], [-2, -5]]",,,"[2, -5, -1, 3]",4
"[[-1, -2], [1, 3], [-2, 3], [-1, 2]]",,,"[-2, -1, 3]",4
"[[1, 2, -3], [-1, -2, 3], [-1, -3], [2]]",,,"[-1, 2]",2
"[[1, -2, 3], [-1, 2, 4], [5, -5]]",,,unsatisfiable.,0
"[[1, 2, 3], [-1, -2], [3, -3]]",,,unsatisfiable.,0
"[[1, -3], [-1, 2], [-2, 3], [1, 2], [-1, -3], [2, -1]]",,,unsatisfiable.,10
"[[1, 2, -3], [1, -2, 3], [-1, -3, 4], [2, -4], [3, 5]]",,,"[3, 1, 4, 2]",4
"[[1, 2, 3], [-1, -2, 4], [5, 6, -7], [-5, 8, 9], [3, -4, 7], [-6, 10], [-8, -9, -10]]",,,"[5, 8, 3, 10, -1, -9]",6
"[[-1, 2], [-2, 3], [1, -3, 4], [-4, 5]]",,,"[4, 2, 3, 5]",4
"[[1, -3], [2, -3], [-1, -2], [1, 2, 3]]",,,"[2, -1, -3]",4
"[[-1, 2], [1, -3], [2], [1, -2, 3]]",,,"[1, 2]",2
"[[-1, 2, -3], [1, -2, 3], [1], [2, 3]]",,,"[2, 1]",2
"[[1, -2, 3], [-1, 2, -3], [1, -4], [-3, -5], [2, 4], [-2, -4, 5]]",,,"[2, 1, 5, -3]",4
"[[1, -2, 3, 4], [-1, 5, 6], [7, -8, 9], [-2, 10], [3, -5, -6], [4, -7, 8]]",,,"[3, 7, -1, -2, 4]",5
"[[1, -2, 3], [1, -3], [2], [-1, -2]]",,,unsatisfiable.,6
"[[-1, -2], [1, 3], [-2, -3], [-1, 2], [1, -2], [-3]]",,,unsatisfiable.,6
"[[1, 2], [-1], [1, 3], [2, -3], [-2, 1], [-1, -2], [3, -1], [-2, 3], [1, -2], [2, 1], [-1, 1]]",,,unsatisfiable.,0
"[[1, -2, 3], [-1, -3], [2, 3], [1, -2]]",,,"[-2, 3, -1]",3
"[[-1, 3], [1, -2, 3], [-2], [-1, 2]]",,,"[-1, -2]",2
"[[1, 2, 3], [-1, -2, -3], [4, -4]]",,,unsatisfiable.,0
"[[1, -2], [-1, 2, 3], [-1, -2], [1, 3]]",,,"[1, -2, 3]",4
"[[1, -2], [-1, -3], [2, -3], [-1, 2]]",,,"[2, 1, -3]",3
"[[-1, 2], [1, 3], [-2, -3], [-1, -3], [1], [-2], [2, 3], [-1, 2], [1, -2], [2, -1], [-2, -1]]",,,unsatisfiable.,4
"[[1, 2, -3, 4], [5, -6, 7], [8, -9, 10], [1, -2, 3], [-4, 5, -7], [-8, 9]]",,,"[4, 5, 8, 9, 1]",5
"[[1, -2, -3], [1, 2, 3], [-1, 3, 4]]",,,"[1, 3]",2
"[[-1, -2], [1, 3], [-2, -3], [-1, 2], [1, -2], [-3], [2, 3], [-1, 1], [1, -3], [2, -1], [-3, 1]]",,,unsatisfiable.,0
"[[1, 2, -3], [-1, -2, 3], [2, 1], [-1, 3], [1, -2], [3], [2, -3], [-1, 2], [1, 3]]",,,"[1, 3, 2]",3
"[[1, -2], [2, 1], [3, 4], [-3, -4, 5]]",,,"[3, 1, -4]",3
"[[1, -1], [2, -2], [3, -3], [4, -4]]",,,unsatisfiable.,0
"[[-1, 3], [2, -3], [1, -2], [-1, 2]]",,,"[2, 1, 3]",3
"[[1, 2, 3], [-1, -2], [-1, 3], [1, -3], [2, -1], [-2, -3]]",,,"[-1, -3, 2]",3
"[[-1, 2, 3], [1, -2], [2, -3, -4], [3, 4, -5]]",,,"[3, 2, 1]",3
"[[-1, 2, 3], [1, -3], [1, -2], [2], [-2, -3], [3, 1]]",,,"[2, -3, 1]",3
"[[1, -2, 3], [-1, 3], [-1, 2, 3], [1, -2]]",,,"[1, 3]",2
"[[1, 2, -3], [-1, 2], [1, -2], [-2], [3, -1], [-3], [2, 3], [1, 3], [-1, -2]]",,,unsatisfiable.,6
"[[1, 2, 3], [-1, -2], [-1, 3], [1, -3], [2, -1], [-2, -3], [1, 2], [3, 1], [-1, -3], [2, -2], [1, -1]]",,,unsatisfiable.,0
"[[1, -3], [-1, 2], [-2, 3], [1, 2], [-1, -3], [2, -1], [-3, -2], [1, -2], [-2, 1], [3, 1], [-1, 1]]",,,unsatisfiable.,0
"[[1, 2, 3], [1, -3], [-1, -2], [-2]]",,,"[1, -2]",2
"[[1, 3], [-1, 2], [-2, 3], [1, -2]]",,,"[-2, -1, 3]",4
"[[1, -3], [2, -3], [-1, 2], [1, 3], [-1, -2], [2], [-2, 3], [1, -2], [-1], [2, -1], [3, -2]]",,,unsatisfiable.,4
"[[1, -2], [-1, -3], [2, 3], [-1, 2]]",,,"[2, 1, -3]",3
"[[-1, 2], [1, -2], [3, 4], [-3, -4]]",,,"[1, 3, 2, -4]",4
"[[1, 2], [-1, -2, 3], [2, -3, 4]]",,,"[2, -1]",2
"[[1, 2, -3], [-1, -2, 3]]",,,"[1, -2]",2
"[[1, -2, 3], [-1, 2], [3, -3, 4]]",,,unsatisfiable.,0
"[[1], [-1, 2], [3], [1, -2, -3]]",,,"[1, 2, 3]",3
"[[1, -2, 3], [2], [-1, 2], [-2, -3]]",,,"[2, -3, 1]",4
"[[-1, 2, 3], [1, -3], [1, -2], [2], [-2, -3], [3, 1], [-1, 1], [1, 3], [2, -1]]",,,unsatisfiable.,0
"[[-1, 2, 3], [-2, -3], [1, -3, 4], [-1, -4, 5]]",,,"[-3, -1]",2
"[[-1, 2, 3], [4, -5, 6], [7, -8, 9], [1, -4, 10], [-2, 5, -6], [3, -9, 10]]",,,"[3, 5, 4, 7, 1]",5
"[[1, -2, 3], [2], [-1, 2], [1, -3], [3, -1], [-2, -3], [2, 3], [-1, 3], [1]]",,,unsatisfiable.,6
"[[1, -2, 3], [-1, 2, -3], [1, -4], [-3, -5], [2, 4]]",,,"[1, 2, -3]",3
"[[1, 2, 3], [-1, -2, 4], [3, -4, 5]]",,,"[1, 4, 3]",3
"[[1, -2, 3], [-1, -3, 4], [-4, -5, -1]]",,,"[-1, -2]",2
"[[1, -2, 3], [4, -5, 6], [7, 8, -9], [-1, 10], [2, -6, 9], [-3, 7], [5, -8], [-4, 10]]",,,"[5, 3, 7, 4, 10, 2]",6
"[[-1, -2], [1, 2, 3], [2], [-1, 3]]",,,"[-1, 2]",2
"[[-1, -2], [1, -3], [2], [1, 2]]",,,"[-1, 2, -3]",6
"[[1, -2, -3], [2], [-1, 3], [1, -3]]",,,"[1, 3, 2]",3
"[[1, -2, 3], [-1, 3], [-1, 2, 3], [1, -2]]",,,"[1, 3]",2
"[[1, -2, -3], [2], [1, 3], [-1]]",,,unsatisfiable.,6
"[[-1, 2, 3], [1, -3], [-2, -3, 4]]",,,"[-3, -1]",2
"[[1, -2], [-1], [1, 3], [-1, 2], [-2, 3], [1, -3], [2, -1], [-1, 1], [3]]",,,unsatisfiable.,0
"[[1, 2, 3], [-1, -2], [-1, 3], [1, -3]]",,,"[1, 3, -2]",3
"[[1, -2, 3], [-3, -4, 5], [1, -5]]",,,"[1, -3]",2
"[[1, 2, 3], [-1, -2], [3, -3], [4, -4], [5, -5], [-1, 2, -5]]",,,unsatisfiable.,0
"[[1, 2], [-1, -2], [3, -3, 4]]",,,unsatisfiable.,0
"[[1, -2, 3], [-1, 2, 4], [3, -4, 5]]",,,"[3, -1]",2
"[[1, 2, -3], [1, -2], [-1, 2], [-2, 3]]",,,"[2, 3, 1]",3
"[[-1, 2], [-1, -3], [2, 3], [1], [1, -2], [-2], [3, 1], [2, -3], [-1, -2]]",,,unsatisfiable.,4
"[[-1, -2], [1, -3], [2, -3], [1, 2]]",,,"[2, -1, -3]",4
"[[1, 3], [-1, 2], [2, -3], [-1, -2], [-2, 1], [1, 2], [3, -1], [-1, -3], [2, 3]]",,,unsatisfiable.,6
"[[-1, 2, 3, 4], [5, -6, 7, 8], [9, -10], [-2, -5], [1, -3, 6], [4, -7, 10]]",,,"[2, -5, 10, 6, 7, 9]",7
"[[1, 2], [1, -3], [-1, -2], [-2, 3]]",,,"[-2, 1]",2
"[[1, -2, 3], [-1, 2, -3, 4], [1, -5], [-3, -5], [2, -4]]",,,"[1, 2, -3]",3
"[[1, 2], [-1, 3], [-2, -3], [-1, 2], [1, -3]]",,,"[-1, 2, -3]",8
"[[-1, 2, -3], [-1, -2, 3], [1, -3], [1, 2]]",,,"[1, 2, 3]",3
"[[1, 2, 3], [-1, 4], [2, -3, 5], [-2, 3], [-4, 5]]",,,"[2, 4, 5, 3]",4
"[[1, 2, -3], [-1, 2], [1, -2], [-2], [3, -1], [-3]]",,,"[-1, -2, -3]",6
"[[1, 2, 3], [-1, 2, -3]]",,,"[1, 2]",2
"[[-1, 2, 3], [1, -3], [-1, -2], [2], [1, -2], [3], [-2, -3], [1, 3], [-1, 1], [-3, 2], [2, -1]]",,,unsatisfiable.,0
"[[-1, 2], [-1, -2, 3], [1], [2, 3], [3, -1], [-2, -3]]",,,unsatisfiable.,8
"[[1, -3], [2, 3], [-1], [1, -2], [2, -1], [3, -2]]",,,unsatisfiable.,8
"[[1, -2], [-1, 2, 3], [1, -3], [2]]",,,"[1, 2]",2
"[[1, 2], [-1, -2, 3], [2, -3, 4], [3, 4, -5]]",,,"[2, 3]",2
"[[1, 2], [-1, 3], [-2], [1, -2]]",,,"[1, 3, -2]",3
"[[1, -3], [-1, 2, -3], [1, 2], [-2]]",,,"[1, -2, -3]",4
"[[-1, 2, -3], [1, 2], [-1, -3], [1, -2]]",,,"[1, -3]",2
"[[1, 2, 3], [-1, -2, 4], [-3, 4, 5]]",,,"[1, 4]",2
"[[1, -2], [2, 3], [-1, 2], [-1, -3]]",,,"[2, 1, -3]",3
"[[1, 2, -3, 4], [5, -6, 7], [8, -9, 10], [-1, -2, 3], [4, -5, -7], [6, -8, 9]]",,,"[6, 1, 5, 4, 8, -2]",6
"[[1, 2], [-1, -2, 3], [2, -3, 4], [4, -5], [1, -5], [-2, 4], [-1, 3]]",,,"[1, -2, 3, 4]",4
"[[1, -2, -3], [2], [-1, 3], [1]]",,,"[1, 2, 3]",3
"[[1, 2, 3], [1, -3], [-1, -2], [-2], [3, -1], [2, -3]]",,,unsatisfiable.,8
"[[1, 2, 3], [-1, 4], [2, -3, 5], [-2, 3], [-4, 5], [1, -5]]",,,"[1, 4, 5, -2]",4
"[[1, -3], [2, -3], [-1, -2], [1, 2]]",,,"[2, -1, -3]",4
"[[1, 2, -3, 4, 5], [-1, -2, 6, 7], [3, -4, -5, 8], [-6, 9, 10], [5, -7, -8], [-9, -10]]",,,"[5, 9, 3, -10, -1]",5
"[[-1, 2], [1, -2], [3, -3, 4], [-4, -5], [2, 5], [-2, 1]]",,,unsatisfiable.,0
"[[-1, -2], [1, -3], [2], [1, 2], [3], [-2, -3]]",,,unsatisfiable.,4
"[[-1, 3], [1, -2, 3], [-2], [1, 2]]",,,"[1, 3, -2]",3
"[[1, -3], [2, -3], [-1, 2], [1, 3], [-1, -2], [2]]",,,unsatisfiable.,6
"[[1, -1], [2, -2], [3, -3], [4, -4], [5, -5]]",,,unsatisfiable.,0
"[[1, 2, -3], [1, -2, 3], [-1, 3]]",,,"[1, 3]",2
"[[1, -2, -3], [2, 3], [1, 2], [-1, 3]]",,,"[2, 1, 3]",3
"[[1, 2, 3], [-1, -2, -3], [4, -4, 5], [-5]]",,,unsatisfiable.,0
"[[1, 2, -3, 4], [-1, 2, -4], [3, -5]]",,,"[3, 1, 2]",3
"[[1, -2, 3], [-1, 2, 4], [3, -4, 5], [-5]]",,,"[-5, 3, -1]",4
"[[1, 2, 3], [-1, -3], [1, -2], [-1, 2]]",,,"[1, -3, 2]",3
"[[1, 2, 3], [1, -3], [-1, 2], [-2]]",,,unsatisfiable.,8
"[[-1, 2, -3], [4, -5, 6], [7, -8, 9], [-7, 10], [-2, 5, -6], [1, -4, 8], [3, -9, 10]]",,,"[1, 3, 2, 5, 7, 4, 10]",7
"[[1, -2, 3], [2], [-1, 2], [1, -3], [3, -1], [-2, -3], [2, 3], [-1, 3], [1], [3, 2], [-2, 1]]",,,unsatisfiable.,6
"[[1, -3], [2, -3], [-1, 2], [-1], [1, 2], [3, -1], [2, 1], [-3, 2], [1, -2], [-1, 1], [2, -2]]",,,unsatisfiable.,0
"[[1, 2], [-1, -2], [3], [-1, 2], [-3, -1]]",,,"[-1, 2, 3]",3
"[[-1, 2], [-2, -3], [1, -4], [4, -5]]",,,"[1, 2, -3, 4]",4
"[[1, -2], [2, -1], [3, -3, 4], [3, -4, 5], [-1, -2, 5]]",,,unsatisfiable.,0
"[[-1, 2, 3], [1, -3], [-1, -2], [2], [1, -2], [3], [-2, -3], [1, 3], [-1, 1]]",,,unsatisfiable.,0
"[[2], [-1, -2, 3], [1, -3], [2, -3]]",,,"[2, 1, 3]",3
"[[1, -2], [2], [-1, 3], [1, 2, -3]]",,,"[2, 1, 3]",3
"[[-1, 2], [-1, -3], [1, -2], [2, 3]]",,,"[2, 1, -3]",3
"[[-1, 2], [1, -2, 3], [3, 4, -5]]",,,"[1, 2, 3]",3
"[[-1, 2, -3], [1, -2], [2], [1, 3], [-1, -2], [-3, 2], [2, -1], [1, 2], [-1, 3], [2, 1], [-3, 1]]",,,unsatisfiable.,6
"[[1, 2], [-1, -3], [1, -2], [2, 3]]",,,"[2, 1, -3]",3
"[[1, -3], [-1, 2], [-2, 3], [1, 2]]",,,"[2, 3, 1]",3
"[[1, -2, 3], [-1, -2, -3], [1, 3], [-2]]",,,"[1, -2]",2
"[[-1, 2], [1, -2, 3], [-3, 4], [2, -4, 5], [-1, -5], [3, -2]]",,,"[2, 3, -1, 4]",4
"[[-1, 2, 3], [1, -3], [1, 2], [-2, 3]]",,,"[1, 2, 3]",3
"[[1, -2, 3, 4], [-1, 5, -6], [7, 8, -9, 10], [-3, -4], [2, -5, 6], [-7, 9]]",,,"[2, 1, 7, 5, 9, -3]",6
"[[-1, 2], [-1, -2, 3], [1], [2, 3], [3, -1], [-2, -3], [1, 2], [-1, 1], [2, -1]]",,,unsatisfiable.,0
"[[1, -2, 3], [2], [-1, 2], [1, -3], [3, -1], [-2, -3]]",,,unsatisfiable.,6
"[[-1], [2, -3], [1, -2], [-1, 2, 3]]",,,"[-2, -3, -1]",7
"[[-1, 2, -3], [1, 3, 4], [-2, -4, 5]]",,,"[1, 2, -4]",3
"[[1, -2, 3], [4, 5, -6], [-1, 7, 8], [2, -3, 9], [-4, -5, 10], [6, -7, -8]]",,,"[1, 7, 4, -5, 2, 6]",6
"[[-1, 2], [-1, -3], [2, 3], [1]]",,,"[1, 2, -3]",4
"[[1], [2, 3], [-1, -2, 3], [1, -3]]",,,"[3, 1]",2
"[[1, 2], [-1, 3], [-2, -3], [1, -2]]",,,"[1, 3, -2]",3
"[[1, -2, 3], [-1, 2, -3, 4], [-4, 5]]",,,"[4, 5, 1]",3
"[[-1, 2], [-1, -3], [1, -2], [2]]",,,"[1, 2, -3]",6
"[[1, 2, -3], [-1, 3], [2, -2, 4]]",,,unsatisfiable.,0
"[[1, -2], [2, -1], [-1, -2]]",,,"[-2, -1]",2
"[[1, -2, 3], [-1, -2, -3], [1, 3], [-2], [2, -3], [-1, 3], [1], [-1, 2], [3], [-2, 1], [1, -1]]",,,unsatisfiable.,0
"[[1, -2, 3], [-1, 2, -3, 4]]",,,"[1, 2]",2
"[[1, -3], [2, 3], [-1], [1, -2], [2, -1], [3, -2], [-2, 3], [1, 2], [-1, -2]]",,,unsatisfiable.,6
"[[1, 2, 3], [-1, -2, -3], [2, -3], [1]]",,,"[2, 1, -3]",3
"[[1, -1], [2, -2], [3, -3], [4, -4], [5, -5], [1, -5], [-1, 5]]",,,unsatisfiable.,0
"[[-1, 2], [1, -3], [-1, -2], [2, 3]]",,,"[2, -1, -3]",4
"[[-1, 3], [1, -2, 3], [-2], [-1, 2], [2, -3], [3, 1], [1, -3], [-1, 1], [2]]",,,unsatisfiable.,0
"[[-1, 3], [1, -2, 3], [-2], [-1, 2], [2, -3], [3, 1], [1, -3], [-1, 1], [2], [3, -2], [-2, 1]]",,,unsatisfiable.,0
"[[1, -2, 3], [-1, 2, -3, 4], [-4, 5], [3, -5], [-1, -3]]",,,"[3, -1, -4]",3
"[[1, -2, 3], [-1, -2, -3], [1, 3], [-2], [2, -3], [-1, 3], [1], [-1, 2], [3]]",,,unsatisfiable.,4
"[[-1, 2], [-1, -2, 3], [1, 3], [2]]",,,"[-1, 3, 2]",3
"[[1, -2], [-1], [1, 3], [-1, 2], [-2, 3], [1, -3], [2, -1], [-1, 1], [3], [2, 1], [-2, -1]]",,,unsatisfiable.,0
"[[1, 2], [-1, -2], [3, 4, -5]]",,,"[1, -2, 3]",3
"[[1, -2, 3, 4], [-1, 5, -6, 7], [8, -9, 10], [2, -3, 5], [-4, 7, -8], [-5, 6, 9]]",,,"[5, 9, 4, 8, 7]",5
"[[-1, -2, 3], [1, 2, -3], [1, 3], [-2]]",,,"[1, -2]",2
"[[-1, 2, 3], [1, -2, -3]]",,,"[1, 2]",2
"[[1, -3], [2, -3], [-1, 2], [-1]]",,,"[-1, -3]",2
"[[1, -2, 3], [-1, 2], [3, -3, 4], [4, -5]]",,,unsatisfiable.,0
"[[-1, 3], [1, -2, 3], [-2], [-1, 2], [2, -3], [3, 1]]",,,unsatisfiable.,6
"[[-1, 2, -3], [1, 3], [-2, 4, 5], [3, -1], [5, -4]]",,,"[3, 2, 4, 5]",4
"[[1,2],[-1,3],[-2,-3],[-1,2],[1,-3]]",,,"[-1, 2, -3]",8
"[[-1, 2], [1, 3], [-2, -3], [-1, -3]]",,,"[-1, 3, -2]",3
"[[1, 2], [-1], [1, -3], [2, -3]]",,,"[-1, 2, -3]",4
"[[-1, 2], [1, -2, 3], [-1, -3], [2]]",,,"[-1, 2, 3]",3
"[[-1, 2], [1, -2], [-3, 4], [3, -4, 5]]",,,"[3, 1, 2, 4]",4
"[[1, -2, 3], [-1, 2, 4], [3, -4, 5], [-5], [2, -3]]",,,"[2, -5, 3]",4
"[[-1, 2, 3], [4, 5, -6], [7, -8, 9], [1, -4, 10], [2, -5, 7], [-2, 6, -9], [3, -10]]",,,"[2, 4, 10, 9, 6, 3]",6
"[[1, 2], [-1, 3], [2, -3, 4], [-4, -5]]",,,"[1, 3, 4, -5]",4
"[[1, -2], [2, -1], [3, 4, -5]]",,,"[2, 1, 3]",3
"[[-1, 2, 3], [-4, 5, 6], [7, -8, 9], [1, -2, -3], [4, -6, 10], [5, -7], [-9, -10]]",,,"[9, -10, 1, 4, 5, 2]",7
"[[1, -2], [1, 2], [-1, 3], [-2], [1, -3], [-1, 2], [-3, 1], [2, -3], [-1], [-2, 1], [3]]",,,unsatisfiable.,4
"[[1, -3], [2, -3], [-1, 2], [1, 3], [-1, -2], [2], [-2, 3], [1, -2]]",,,unsatisfiable.,4
"[[1, -2, 3], [2, -3, 4], [-1, -4, 5]]",,,"[2, 1, -4]",3
"[[-1, 2, 3], [1, -3], [1, -2], [2]]",,,"[1, 2]",2
"[[1, 3], [-2, 3], [-1, -2], [1, 2]]",,,"[1, -2]",2
"[[1, 3], [-1, -3], [1, -2], [-2, 3]]",,,"[3, -1, -2]",4
"[[1, 2, -3, 4, 5], [-1, -2, 6, 7], [3, -4, -5, 8], [-6, 9, 10], [5, -7, -8]]",,,"[5, 6, 3, 9]",4
"[[1, -3], [-2, -3], [1, 2], [-1, 2]]",,,"[1, 2, -3]",3
"[[-1, -2], [1, -3], [2], [1, 2], [3], [-2, -3], [1, 3], [-1, 2], [2, -1]]",,,unsatisfiable.,6
"[[1, 2, 3], [-1, -2], [2, -3], [1, -3]]",,,"[2, -1, -3]",4
"[[1, 2, -3], [-1, 3], [1, -2], [2], [-1, -2], [3], [2, -3], [-3, 1], [1, 2]]",,,unsatisfiable.,6
"[[1, -3], [2, -3], [1, 2], [-1]]",,,"[-1, 2, -3]",4
"[[-1, 2], [1, -2], [3, -3]]",,,unsatisfiable.,0
"[[1, 2, -3], [-1, 3], [1, -2], [2], [-1, -2], [3]]",,,unsatisfiable.,6
"[[1, -2, -3], [2], [-1, 3], [1], [-2, 1], [3, -1], [1, 2], [-3, 2], [-1, -2]]",,,unsatisfiable.,4
"[[1, 2], [-1], [1, 3], [2, -3]]",,,"[-1, 2, 3]",4
"[[1, -2, 3], [-1, 2, -3, 4], [1, -5]]",,,"[1, 2]",2
"[[-1, 2, -3], [1, 3], [-2, 4, 5]]",,,"[1, 2, 4]",3
"[[1, -2], [2, -1], [3, -3, 4]]",,,unsatisfiable.,0
"[[1, -2], [-1, 2], [3, -3], [4, 5]]",,,unsatisfiable.,0
